{
	"class_name" : "PinholeCameraParameters",
	"extrinsic" : 
	[
		-0.94858803956122428,
		0.022194060898134433,
		0.31573431055595347,
		0.0,
		-0.3165081211259646,
		-0.060754064003878547,
		-0.94664225183979855,
		0.0,
		-0.0018276932743427374,
		-0.99790599124760371,
		0.064655178983839975,
		0.0,
		0.0034015070422588629,
		0.0014926538481535249,
		0.01206795117379505,
		1.0
	],
	"intrinsic" : 
	{
		"height" : 1080,
		"intrinsic_matrix" : 
		[
			935.30743608719376,
			0.0,
			0.0,
			0.0,
			935.30743608719376,
			0.0,
			959.5,
			539.5,
			1.0
		],
		"width" : 1920
	},
	"version_major" : 1,
	"version_minor" : 0
}